epoch,time,train/box_loss,train/pose_loss,train/kobj_loss,train/cls_loss,train/dfl_loss,metrics/precision(B),metrics/recall(B),metrics/mAP50(B),metrics/mAP50-95(B),metrics/precision(P),metrics/recall(P),metrics/mAP50(P),metrics/mAP50-95(P),val/box_loss,val/pose_loss,val/kobj_loss,val/cls_loss,val/dfl_loss,lr/pg0,lr/pg1,lr/pg2,lr/pg3,lr/pg4,lr/pg5,lr/pg6,lr/pg7
1,16.0427,2.19763,11.899,0,2.72479,2.60954,0.27593,0.55,0.29079,0.07163,0,0,0,0,1.68858,11.9009,0,2.55631,2.21801,0.00174,0.00058,0.00174,0.00058,0.00174,0.00058,0.00174,0.00058
2,23.3619,1.2564,11.9047,0,1.21371,1.60669,0.90287,0.98333,0.95194,0.72696,0,0,0,0,0.94391,11.8761,0,0.56126,1.33559,0.00350495,0.00116832,0.00350495,0.00116832,0.00350495,0.00116832,0.00350495,0.00116832
3,29.8591,0.91462,11.8928,0,0.68519,1.23687,0.92089,1,0.97908,0.80153,0,0,0,0,0.79777,11.8402,0,0.5022,1.18017,0.00523427,0.00174476,0.00523427,0.00174476,0.00523427,0.00174476,0.00523427,0.00174476
4,35.6303,0.78779,11.8714,0,0.56462,1.13006,0.94956,1,0.95561,0.81473,0,0,0,0,0.60652,11.8019,0,0.35518,1.03878,0.0058218,0.0019406,0.0058218,0.0019406,0.0058218,0.0019406,0.0058218,0.0019406
5,41.0327,0.71223,11.7855,0,0.49569,1.0891,0.95193,1,0.99184,0.85635,0,0,0,0,0.54738,11.7611,0,0.35032,0.98882,0.0057624,0.0019208,0.0057624,0.0019208,0.0057624,0.0019208,0.0057624,0.0019208
6,46.6533,0.66207,11.7781,0,0.45773,1.06334,0.98359,0.99899,0.99451,0.87878,0,0,0,0,0.54448,11.6215,0,0.284,0.9855,0.005703,0.001901,0.005703,0.001901,0.005703,0.001901,0.005703,0.001901
7,52.0291,0.6302,11.7422,0,0.42497,1.05716,0.98137,1,0.99451,0.88755,0,0,0,0,0.49507,11.4852,0,0.27972,0.94382,0.0056436,0.0018812,0.0056436,0.0018812,0.0056436,0.0018812,0.0056436,0.0018812
8,57.6811,0.61612,11.7013,0,0.42474,1.05401,0.98181,1,0.99484,0.89776,0,0,0,0,0.48522,11.318,0,0.2887,0.96016,0.0055842,0.0018614,0.0055842,0.0018614,0.0055842,0.0018614,0.0055842,0.0018614
9,62.9755,0.57679,11.6065,0,0.40879,1.03132,1,0.99652,0.995,0.89523,0,0,0,0,0.47346,11.141,0,0.26482,0.93564,0.0055248,0.0018416,0.0055248,0.0018416,0.0055248,0.0018416,0.0055248,0.0018416
10,68.6416,0.59892,11.4691,0,0.40225,1.02858,0.99543,1,0.995,0.88931,0,0,0,0,0.47879,10.9307,0,0.25519,0.92151,0.0054654,0.0018218,0.0054654,0.0018218,0.0054654,0.0018218,0.0054654,0.0018218
11,74.0425,0.5594,11.28,0,0.38012,1.02462,0.99604,1,0.995,0.90963,0,0,0,0,0.39634,10.6973,0,0.2408,0.87306,0.005406,0.001802,0.005406,0.001802,0.005406,0.001802,0.005406,0.001802
12,79.736,0.56919,11.1992,0,0.40402,1.02258,0.98263,1,0.995,0.92134,0,0,0,0,0.4167,10.6075,0,0.2417,0.88124,0.0053466,0.0017822,0.0053466,0.0017822,0.0053466,0.0017822,0.0053466,0.0017822
13,85.0115,0.53221,11.1057,0,0.3796,1.01778,0.9668,1,0.995,0.91515,0,0,0,0,0.40991,10.0907,0,0.23695,0.88864,0.0052872,0.0017624,0.0052872,0.0017624,0.0052872,0.0017624,0.0052872,0.0017624
14,90.5998,0.52371,10.9684,0,0.3717,1.00328,0.99644,0.98333,0.99484,0.91343,0,0,0,0,0.40751,10.3019,0,0.23058,0.89183,0.0052278,0.0017426,0.0052278,0.0017426,0.0052278,0.0017426,0.0052278,0.0017426
15,95.8836,0.51027,10.8638,0,0.35568,0.99646,0.98359,0.99875,0.99484,0.92317,0,0,0,0,0.40897,9.96555,0,0.22859,0.90447,0.0051684,0.0017228,0.0051684,0.0017228,0.0051684,0.0017228,0.0051684,0.0017228
16,101.435,0.52428,10.8449,0,0.36914,0.99469,1,0.99526,0.995,0.91953,0,0,0,0,0.40602,9.95486,0,0.2395,0.90432,0.005109,0.001703,0.005109,0.001703,0.005109,0.001703,0.005109,0.001703
17,106.675,0.5253,10.7314,0,0.3572,1.0074,0.9976,1,0.995,0.92336,0,0,0,0,0.422,9.76231,0,0.21219,0.91701,0.0050496,0.0016832,0.0050496,0.0016832,0.0050496,0.0016832,0.0050496,0.0016832
18,112.245,0.49919,10.6189,0,0.33603,0.98331,0.99747,1,0.995,0.92603,0,0,0,0,0.38843,9.56532,0,0.21609,0.87193,0.0049902,0.0016634,0.0049902,0.0016634,0.0049902,0.0016634,0.0049902,0.0016634
19,117.665,0.50227,10.5439,0,0.34414,0.9909,0.99239,1,0.995,0.93156,0,0,0,0,0.39043,9.29238,0,0.22114,0.87947,0.0049308,0.0016436,0.0049308,0.0016436,0.0049308,0.0016436,0.0049308,0.0016436
20,123.183,0.49998,10.4107,0,0.34734,0.99023,1,0.99786,0.995,0.94276,0,0,0,0,0.38535,9.25736,0,0.21476,0.88387,0.0048714,0.0016238,0.0048714,0.0016238,0.0048714,0.0016238,0.0048714,0.0016238
21,128.496,0.45874,10.3186,0,0.33731,0.97378,0.9817,1,0.995,0.93348,0,0,0,0,0.37466,9.09707,0,0.2275,0.88398,0.004812,0.001604,0.004812,0.001604,0.004812,0.001604,0.004812,0.001604
22,134.002,0.49333,10.3173,0,0.34219,0.98206,0.97583,1,0.995,0.95211,0,0,0,0,0.35857,8.90047,0,0.21952,0.87159,0.0047526,0.0015842,0.0047526,0.0015842,0.0047526,0.0015842,0.0047526,0.0015842
23,139.199,0.45624,10.1426,0,0.30902,0.96818,0.96759,1,0.995,0.92444,0,0,0,0,0.4008,8.91827,0,0.22537,0.9045,0.0046932,0.0015644,0.0046932,0.0015644,0.0046932,0.0015644,0.0046932,0.0015644
24,144.681,0.46561,10.1312,0,0.32238,0.9816,0.99242,1,0.995,0.93253,0,0,0,0,0.38135,8.94582,0,0.21903,0.88948,0.0046338,0.0015446,0.0046338,0.0015446,0.0046338,0.0015446,0.0046338,0.0015446
25,150,0.47216,10.0169,0,0.31312,0.96952,0.99013,1,0.995,0.94275,0,0,0,0,0.36465,8.68323,0,0.22231,0.87041,0.0045744,0.0015248,0.0045744,0.0015248,0.0045744,0.0015248,0.0045744,0.0015248
26,155.591,0.44215,10.0106,0,0.30148,0.97212,0.96546,1,0.99468,0.9419,0,0,0,0,0.36595,8.57183,0,0.23101,0.86266,0.004515,0.001505,0.004515,0.001505,0.004515,0.001505,0.004515,0.001505
27,160.868,0.44478,9.89469,0,0.30384,0.96722,0.96709,1,0.99468,0.93533,0,0,0,0,0.37425,8.51334,0,0.23334,0.85994,0.0044556,0.0014852,0.0044556,0.0014852,0.0044556,0.0014852,0.0044556,0.0014852
28,166.449,0.44054,9.80329,0,0.30767,0.95554,0.96682,1,0.99468,0.93795,0,0,0,0,0.3833,8.3901,0,0.233,0.87708,0.0043962,0.0014654,0.0043962,0.0014654,0.0043962,0.0014654,0.0043962,0.0014654
29,171.724,0.46496,9.71283,0,0.31404,0.98121,0.96723,1,0.99434,0.94217,0,0,0,0,0.34194,8.446,0,0.22563,0.84744,0.0043368,0.0014456,0.0043368,0.0014456,0.0043368,0.0014456,0.0043368,0.0014456
30,177.227,0.43811,9.62935,0,0.29593,0.96768,0.96752,1,0.99484,0.93396,0,0,0,0,0.35383,8.38844,0,0.22372,0.86585,0.0042774,0.0014258,0.0042774,0.0014258,0.0042774,0.0014258,0.0042774,0.0014258
31,182.576,0.43386,9.55203,0,0.30067,0.96025,0.9905,0.98333,0.99468,0.93847,0,0,0,0,0.35943,8.25819,0,0.20654,0.87809,0.004218,0.001406,0.004218,0.001406,0.004218,0.001406,0.004218,0.001406
32,188.13,0.44996,9.56603,0,0.31409,0.97401,0.98354,0.99592,0.99484,0.92753,0,0,0,0,0.38055,8.16307,0,0.20546,0.89455,0.0041586,0.0013862,0.0041586,0.0013862,0.0041586,0.0013862,0.0041586,0.0013862
33,193.44,0.43051,9.5669,0,0.30486,0.95219,0.98359,0.99899,0.99484,0.92787,0,0,0,0,0.37335,8.25916,0,0.20851,0.8831,0.0040992,0.0013664,0.0040992,0.0013664,0.0040992,0.0013664,0.0040992,0.0013664
34,198.962,0.42742,9.4281,0,0.29567,0.9559,0.9664,1,0.99468,0.9375,0,0,0,0,0.35088,7.99052,0,0.2202,0.86534,0.0040398,0.0013466,0.0040398,0.0013466,0.0040398,0.0013466,0.0040398,0.0013466
35,204.225,0.41257,9.34501,0,0.2875,0.9545,0.98244,0.98333,0.99452,0.93496,0,0,0,0,0.36938,8.28112,0,0.21278,0.88652,0.0039804,0.0013268,0.0039804,0.0013268,0.0039804,0.0013268,0.0039804,0.0013268
36,209.776,0.42979,9.35455,0,0.28963,0.95462,0.96774,0.99984,0.99468,0.92948,0,0,0,0,0.37637,7.9019,0,0.22882,0.8787,0.003921,0.001307,0.003921,0.001307,0.003921,0.001307,0.003921,0.001307
37,215.098,0.41996,9.31331,0,0.30291,0.95522,0.96773,0.99977,0.99468,0.938,0,0,0,0,0.37197,8.02309,0,0.22339,0.88903,0.0038616,0.0012872,0.0038616,0.0012872,0.0038616,0.0012872,0.0038616,0.0012872
38,220.573,0.38946,9.08294,0,0.27321,0.93755,0.96701,1,0.99468,0.94626,0,0,0,0,0.35216,7.96349,0,0.22024,0.87322,0.0038022,0.0012674,0.0038022,0.0012674,0.0038022,0.0012674,0.0038022,0.0012674
39,225.895,0.39892,9.04915,0,0.27435,0.95501,0.96771,0.99901,0.99403,0.94426,0,0,0,0,0.35196,7.79767,0,0.22446,0.86247,0.0037428,0.0012476,0.0037428,0.0012476,0.0037428,0.0012476,0.0037428,0.0012476
40,231.417,0.4087,9.02877,0,0.28343,0.95041,0.96772,0.99926,0.99468,0.955,0,0,0,0,0.33926,7.62777,0,0.22222,0.84506,0.0036834,0.0012278,0.0036834,0.0012278,0.0036834,0.0012278,0.0036834,0.0012278
41,236.775,0.40019,9.17816,0,0.28146,0.94979,0.96772,0.99932,0.99401,0.94208,0,0,0,0,0.36325,7.6672,0,0.22307,0.86993,0.003624,0.001208,0.003624,0.001208,0.003624,0.001208,0.003624,0.001208
42,242.338,0.41541,9.08943,0,0.28528,0.96181,0.96688,0.98333,0.99354,0.94841,0,0,0,0,0.35036,7.77098,0,0.22506,0.86956,0.0035646,0.0011882,0.0035646,0.0011882,0.0035646,0.0011882,0.0035646,0.0011882
43,247.655,0.39972,8.83988,0,0.28254,0.9468,0.96754,1,0.99434,0.9544,0,0,0,0,0.35244,7.62409,0,0.22285,0.87133,0.0035052,0.0011684,0.0035052,0.0011684,0.0035052,0.0011684,0.0035052,0.0011684
44,253.2,0.39715,8.94825,0,0.27896,0.94589,0.96672,1,0.99434,0.9432,0,0,0,0,0.36276,7.51871,0,0.22215,0.87009,0.0034458,0.0011486,0.0034458,0.0011486,0.0034458,0.0011486,0.0034458,0.0011486
45,258.5,0.40333,8.8594,0,0.27876,0.95436,0.96678,1,0.99403,0.95297,0,0,0,0,0.36182,7.62741,0,0.22242,0.86983,0.0033864,0.0011288,0.0033864,0.0011288,0.0033864,0.0011288,0.0033864,0.0011288
46,264.046,0.38644,8.93965,0,0.27723,0.94413,0.96682,1,0.99434,0.95993,0,0,0,0,0.35863,7.45794,0,0.21757,0.86926,0.003327,0.001109,0.003327,0.001109,0.003327,0.001109,0.003327,0.001109
47,269.368,0.40429,8.82891,0,0.27217,0.95298,0.9669,1,0.99434,0.94931,0,0,0,0,0.35526,7.34723,0,0.21944,0.8622,0.0032676,0.0010892,0.0032676,0.0010892,0.0032676,0.0010892,0.0032676,0.0010892
48,274.975,0.40938,8.92097,0,0.28721,0.9482,1,0.99474,0.995,0.95002,0,0,0,0,0.34948,7.50524,0,0.19242,0.86149,0.0032082,0.0010694,0.0032082,0.0010694,0.0032082,0.0010694,0.0032082,0.0010694
49,280.21,0.40762,8.80176,0,0.2795,0.95641,1,0.99627,0.995,0.94157,0,0,0,0,0.36872,7.13382,0,0.20119,0.88072,0.0031488,0.0010496,0.0031488,0.0010496,0.0031488,0.0010496,0.0031488,0.0010496
50,285.763,0.40124,8.71593,0,0.26586,0.94591,1,0.97974,0.99484,0.94947,0,0,0,0,0.34912,7.20547,0,0.20039,0.86578,0.0030894,0.0010298,0.0030894,0.0010298,0.0030894,0.0010298,0.0030894,0.0010298
51,291.048,0.40171,8.65964,0,0.26569,0.94705,0.99329,1,0.995,0.94212,0,0,0,0,0.36089,7.1411,0,0.19682,0.87647,0.00303,0.00101,0.00303,0.00101,0.00303,0.00101,0.00303,0.00101
52,296.607,0.39035,8.53258,0,0.26418,0.93252,0.96705,1,0.99403,0.94045,0,0,0,0,0.35657,7.02076,0,0.19856,0.87139,0.0029706,0.0009902,0.0029706,0.0009902,0.0029706,0.0009902,0.0029706,0.0009902
53,301.824,0.40196,8.55257,0,0.27085,0.95058,0.9677,0.99872,0.99403,0.93676,0,0,0,0,0.38049,7.06519,0,0.20795,0.8747,0.0029112,0.0009704,0.0029112,0.0009704,0.0029112,0.0009704,0.0029112,0.0009704
54,307.245,0.39535,8.51661,0,0.27702,0.93868,0.96766,0.9975,0.99403,0.93288,0,0,0,0,0.36868,6.99445,0,0.22566,0.87575,0.0028518,0.0009506,0.0028518,0.0009506,0.0028518,0.0009506,0.0028518,0.0009506
55,312.481,0.38831,8.50461,0,0.263,0.94503,0.9677,0.99882,0.99403,0.94461,0,0,0,0,0.36011,6.91668,0,0.2266,0.87264,0.0027924,0.0009308,0.0027924,0.0009308,0.0027924,0.0009308,0.0027924,0.0009308
56,318.04,0.38915,8.55316,0,0.27132,0.9446,0.9665,0.98333,0.99387,0.94725,0,0,0,0,0.35935,6.87621,0,0.22409,0.8716,0.002733,0.000911,0.002733,0.000911,0.002733,0.000911,0.002733,0.000911
57,323.353,0.37461,8.45857,0,0.26721,0.93671,0.96774,0.99979,0.99403,0.94871,0.01679,0.01667,0.00649,0.00065,0.35544,6.85637,0,0.21781,0.87604,0.0026736,0.0008912,0.0026736,0.0008912,0.0026736,0.0008912,0.0026736,0.0008912
58,328.881,0.38584,8.38578,0,0.26938,0.9447,0.96622,1,0.99369,0.9382,0,0,0,0,0.37569,6.93279,0,0.21831,0.89495,0.0026142,0.0008714,0.0026142,0.0008714,0.0026142,0.0008714,0.0026142,0.0008714
59,334.238,0.38036,8.41468,0,0.26119,0.94249,0.9667,1,0.99403,0.94461,0,0,0,0,0.3588,6.8335,0,0.22501,0.87982,0.0025548,0.0008516,0.0025548,0.0008516,0.0025548,0.0008516,0.0025548,0.0008516
60,339.87,0.38572,8.35619,0,0.26846,0.93284,0.98649,0.96667,0.99387,0.94513,0,0,0,0,0.37033,6.76154,0,0.21249,0.88019,0.0024954,0.0008318,0.0024954,0.0008318,0.0024954,0.0008318,0.0024954,0.0008318
61,345.234,0.37123,8.32301,0,0.25525,0.93761,0.9833,0.98107,0.99419,0.93916,0,0,0,0,0.3653,6.69137,0,0.22516,0.8772,0.002436,0.000812,0.002436,0.000812,0.002436,0.000812,0.002436,0.000812
62,350.836,0.3723,8.29522,0,0.25793,0.93961,0.96677,1,0.99401,0.94983,0.01665,0.01667,0.00668,0.00067,0.34625,6.74728,0,0.21415,0.86724,0.0023766,0.0007922,0.0023766,0.0007922,0.0023766,0.0007922,0.0023766,0.0007922
63,356.159,0.37638,8.19763,0,0.25527,0.94774,0.96687,1,0.99434,0.94901,0,0,0,0,0.35155,6.69204,0,0.22079,0.86437,0.0023172,0.0007724,0.0023172,0.0007724,0.0023172,0.0007724,0.0023172,0.0007724
64,361.696,0.37981,8.24464,0,0.25657,0.93204,0.96771,0.99894,0.99434,0.9492,0,0,0,0,0.35814,6.66844,0,0.21571,0.86803,0.0022578,0.0007526,0.0022578,0.0007526,0.0022578,0.0007526,0.0022578,0.0007526
65,367.175,0.36435,8.15449,0,0.25208,0.93697,0.99202,0.98333,0.99468,0.94846,0.01688,0.01667,0.00759,0.00076,0.35707,6.62918,0,0.20056,0.88276,0.0021984,0.0007328,0.0021984,0.0007328,0.0021984,0.0007328,0.0021984,0.0007328
66,372.786,0.37638,8.13321,0,0.26224,0.93888,0.99249,0.98333,0.99468,0.94587,0.01688,0.01667,0.0097,0.00097,0.35166,6.60311,0,0.20119,0.88375,0.002139,0.000713,0.002139,0.000713,0.002139,0.000713,0.002139,0.000713
67,378.132,0.34846,8.1815,0,0.24782,0.9181,0.99292,0.98333,0.99468,0.95329,0.01691,0.01667,0.0194,0.00194,0.34831,6.59481,0,0.18858,0.86506,0.0020796,0.0006932,0.0020796,0.0006932,0.0020796,0.0006932,0.0020796,0.0006932
68,383.685,0.38067,8.14051,0,0.25952,0.94211,0.98982,0.98333,0.99468,0.95705,0,0,0,0,0.3425,6.65185,0,0.20146,0.85926,0.0020202,0.0006734,0.0020202,0.0006734,0.0020202,0.0006734,0.0020202,0.0006734
69,389.024,0.37524,8.15971,0,0.26378,0.93809,0.99226,0.98333,0.99468,0.95783,0.01689,0.01667,0.00686,0.00069,0.33857,6.54919,0,0.19721,0.85791,0.0019608,0.0006536,0.0019608,0.0006536,0.0019608,0.0006536,0.0019608,0.0006536
70,394.541,0.36029,8.08236,0,0.24518,0.93042,0.99334,0.98333,0.99468,0.95996,0.01689,0.01667,0.00684,0.00068,0.33455,6.64822,0,0.19473,0.85774,0.0019014,0.0006338,0.0019014,0.0006338,0.0019014,0.0006338,0.0019014,0.0006338
71,400.004,0.36477,8.11599,0,0.25154,0.93336,0.99179,0.98333,0.99452,0.95554,0.01687,0.01667,0.00636,0.00064,0.34355,6.58774,0,0.20389,0.86001,0.001842,0.000614,0.001842,0.000614,0.001842,0.000614,0.001842,0.000614
72,405.567,0.36005,8.01469,0,0.25151,0.93067,0.98178,0.98333,0.99468,0.95685,0,0,0,0,0.34164,6.57443,0,0.20899,0.85936,0.0017826,0.0005942,0.0017826,0.0005942,0.0017826,0.0005942,0.0017826,0.0005942
73,410.925,0.35256,8.04648,0,0.24052,0.92212,0.96677,1,0.99468,0.95463,0,0,0,0,0.34259,6.48014,0,0.21739,0.86663,0.0017232,0.0005744,0.0017232,0.0005744,0.0017232,0.0005744,0.0017232,0.0005744
74,416.465,0.3607,7.96937,0,0.24289,0.92067,0.96771,0.99913,0.99434,0.9547,0.01666,0.01667,0.00669,0.00067,0.3385,6.5118,0,0.20044,0.86639,0.0016638,0.0005546,0.0016638,0.0005546,0.0016638,0.0005546,0.0016638,0.0005546
75,421.777,0.34205,7.89259,0,0.23734,0.91472,0.9677,0.99868,0.99434,0.95561,0,0,0,0,0.34051,6.52853,0,0.19965,0.86807,0.0016044,0.0005348,0.0016044,0.0005348,0.0016044,0.0005348,0.0016044,0.0005348
76,427.361,0.33724,7.89293,0,0.23474,0.92372,0.9875,0.98333,0.99452,0.9518,0,0,0,0,0.34292,6.44249,0,0.19283,0.87183,0.001545,0.000515,0.001545,0.000515,0.001545,0.000515,0.001545,0.000515
77,432.765,0.34137,7.84775,0,0.233,0.92361,0.99253,0.98333,0.99452,0.94958,0,0,0,0,0.34735,6.47303,0,0.1937,0.87785,0.0014856,0.0004952,0.0014856,0.0004952,0.0014856,0.0004952,0.0014856,0.0004952
78,438.355,0.33514,7.81591,0,0.23735,0.91369,0.99738,0.98333,0.99452,0.95427,0.03421,0.03333,0.0139,0.00139,0.34404,6.40612,0,0.20086,0.87459,0.0014262,0.0004754,0.0014262,0.0004754,0.0014262,0.0004754,0.0014262,0.0004754
79,443.777,0.3622,7.93549,0,0.25031,0.93374,0.98391,0.98333,0.99452,0.95677,0.03407,0.03333,0.01913,0.00191,0.34583,6.42669,0,0.19615,0.87483,0.0013668,0.0004556,0.0013668,0.0004556,0.0013668,0.0004556,0.0013668,0.0004556
80,449.369,0.35696,7.88966,0,0.24622,0.92149,0.96771,0.99913,0.99468,0.95433,0.01684,0.01667,0.00534,0.00053,0.34273,6.5063,0,0.1953,0.87316,0.0013074,0.0004358,0.0013074,0.0004358,0.0013074,0.0004358,0.0013074,0.0004358
81,454.77,0.35154,7.9469,0,0.2571,0.93217,0.96771,0.99908,0.99468,0.9544,0.03357,0.03333,0.014,0.0014,0.33958,6.37049,0,0.19574,0.86697,0.001248,0.000416,0.001248,0.000416,0.001248,0.000416,0.001248,0.000416
82,460.333,0.34628,7.87433,0,0.2337,0.92518,0.97347,0.98333,0.99452,0.95202,0.05023,0.05,0.01821,0.00182,0.33882,6.43711,0,0.21004,0.86541,0.0011886,0.0003962,0.0011886,0.0003962,0.0011886,0.0003962,0.0011886,0.0003962
83,465.72,0.34393,7.83926,0,0.23716,0.91775,0.97846,0.98333,0.99437,0.94411,0.08432,0.08333,0.04083,0.00408,0.33462,6.36023,0,0.20925,0.85979,0.0011292,0.0003764,0.0011292,0.0003764,0.0011292,0.0003764,0.0011292,0.0003764
84,471.356,0.36203,7.81785,0,0.25391,0.93024,0.98056,0.98333,0.99423,0.94483,0.08523,0.08333,0.03731,0.00373,0.33556,6.35534,0,0.20587,0.86182,0.0010698,0.0003566,0.0010698,0.0003566,0.0010698,0.0003566,0.0010698,0.0003566
85,476.717,0.34415,7.80187,0,0.2384,0.92509,0.98131,0.98333,0.99404,0.94553,0.06823,0.06667,0.0352,0.00352,0.34879,6.39621,0,0.20775,0.87802,0.0010104,0.0003368,0.0010104,0.0003368,0.0010104,0.0003368,0.0010104,0.0003368
86,482.27,0.34626,7.75777,0,0.23986,0.92348,0.97944,0.98333,0.99404,0.9499,0.05,0.05,0.01922,0.00192,0.33749,6.32766,0,0.21406,0.86549,0.000951,0.000317,0.000951,0.000317,0.000951,0.000317,0.000951,0.000317
87,487.538,0.33266,7.70831,0,0.22852,0.92025,0.97659,0.98333,0.99452,0.95091,0.03326,0.03333,0.01251,0.00125,0.33584,6.3531,0,0.21629,0.86009,0.0008916,0.0002972,0.0008916,0.0002972,0.0008916,0.0002972,0.0008916,0.0002972
88,493.147,0.33593,7.76596,0,0.23408,0.92847,0.97823,0.98333,0.99419,0.948,0.04994,0.05,0.0243,0.00243,0.3476,6.36963,0,0.21601,0.86821,0.0008322,0.0002774,0.0008322,0.0002774,0.0008322,0.0002774,0.0008322,0.0002774
89,498.523,0.35002,7.82638,0,0.24808,0.93541,0.97809,0.98333,0.99356,0.95136,0.01696,0.01667,0.00635,0.00063,0.33971,6.32876,0,0.21749,0.8648,0.0007728,0.0002576,0.0007728,0.0002576,0.0007728,0.0002576,0.0007728,0.0002576
90,504.184,0.34248,7.7749,0,0.22977,0.93123,0.98013,0.98333,0.99356,0.95372,0.05083,0.05,0.03386,0.00339,0.33733,6.32045,0,0.20962,0.86112,0.0007134,0.0002378,0.0007134,0.0002378,0.0007134,0.0002378,0.0007134,0.0002378
91,511.561,0.23047,6.39169,0,0.17309,0.83007,0.96696,0.98333,0.99356,0.94554,0.03303,0.03333,0.0107,0.00107,0.33815,6.26906,0,0.21681,0.86081,0.000654,0.000218,0.000654,0.000218,0.000654,0.000218,0.000654,0.000218
92,516.833,0.21685,6.28174,0,0.15138,0.82124,0.96771,0.99907,0.99434,0.94988,0.03278,0.03333,0.00953,0.00095,0.33258,6.29611,0,0.20599,0.86154,0.0005946,0.0001982,0.0005946,0.0001982,0.0005946,0.0001982,0.0005946,0.0001982
93,521.828,0.2232,6.24947,0,0.15128,0.80763,0.96771,0.99906,0.99468,0.95629,0.03291,0.03333,0.0096,0.00096,0.33055,6.29308,0,0.20632,0.86471,0.0005352,0.0001784,0.0005352,0.0001784,0.0005352,0.0001784,0.0005352,0.0001784
94,527.128,0.20849,6.21389,0,0.13742,0.81444,0.96771,0.99902,0.99434,0.95302,0.03332,0.03333,0.01036,0.00104,0.32744,6.24755,0,0.20056,0.85984,0.0004758,0.0001586,0.0004758,0.0001586,0.0004758,0.0001586,0.0004758,0.0001586
95,532.269,0.20916,6.21676,0,0.1353,0.80563,0.96771,0.99893,0.99434,0.95211,0.0851,0.08333,0.04245,0.00424,0.32933,6.22162,0,0.19625,0.8635,0.0004164,0.0001388,0.0004164,0.0001388,0.0004164,0.0001388,0.0004164,0.0001388
96,537.815,0.2094,6.14847,0,0.13742,0.81834,0.98287,0.98333,0.99468,0.953,0.1025,0.1,0.04175,0.00417,0.33029,6.16473,0,0.18892,0.86709,0.000357,0.000119,0.000357,0.000119,0.000357,0.000119,0.000357,0.000119
97,543.135,0.20713,6.1422,0,0.13308,0.81222,0.99776,0.98333,0.99468,0.95102,0.06842,0.06667,0.03058,0.00306,0.32903,6.20059,0,0.18566,0.86823,0.0002976,9.92e-05,0.0002976,9.92e-05,0.0002976,9.92e-05,0.0002976,9.92e-05
98,548.765,0.20577,6.1514,0,0.13266,0.81534,0.99601,0.98333,0.99468,0.95332,0.05128,0.05,0.01727,0.00173,0.32805,6.20446,0,0.18519,0.86559,0.0002382,7.94e-05,0.0002382,7.94e-05,0.0002382,7.94e-05,0.0002382,7.94e-05
99,554.099,0.1966,6.13059,0,0.13156,0.80975,0.99743,0.98333,0.99468,0.95273,0.10252,0.1,0.05291,0.00529,0.33117,6.15636,0,0.18669,0.86842,0.0001788,5.96e-05,0.0001788,5.96e-05,0.0001788,5.96e-05,0.0001788,5.96e-05
100,559.956,0.20639,6.09304,0,0.12906,0.8123,0.99527,0.98333,0.99468,0.95358,0.08524,0.08333,0.04615,0.00461,0.33081,6.15958,0,0.18362,0.86884,0.0001194,3.98e-05,0.0001194,3.98e-05,0.0001194,3.98e-05,0.0001194,3.98e-05
